config,guardrag_f1,guardrag_em,debate_rate,avg_tokens
all_signals,0.654054054054054,0.6,0.6666666666666666,3771.4666666666667
no_heuristic_arithmetic,0.5207207207207207,0.4666666666666667,0.5333333333333333,3090.0666666666666
no_heuristic_multispan,0.5873873873873874,0.5333333333333333,0.6,3578.8
no_heuristic_insufficient_info,0.5207207207207207,0.4666666666666667,0.6666666666666666,3667.266666666667
no_heuristic_missing_rows,0.654054054054054,0.6,0.6666666666666666,3791.133333333333
no_heuristic_too_long,0.654054054054054,0.6,0.6666666666666666,3662.133333333333
no_nli_low_grounding,0.5873873873873874,0.5333333333333333,0.6666666666666666,3650.8
