threshold,f1,em,debate_rate
0.35,0.6246783374283373,0.52,0.56
0.4,0.6246783374283373,0.52,0.56
0.45,0.6246783374283373,0.52,0.56
0.5,0.6246783374283373,0.52,0.56
0.55,0.611345004095004,0.52,0.52
0.6,0.611345004095004,0.52,0.52
0.7,0.611345004095004,0.52,0.5
0.8,0.611345004095004,0.52,0.5
1.0,0.5940116707616707,0.5,0.28
